dataset,img_name,mask_name
kvasir,cju2r11x7sdgx0988o8ule0wl.jpg,cju2r11x7sdgx0988o8ule0wl.jpg
kvasir,cju1cu1u2474n0878tt7v4tdr.jpg,cju1cu1u2474n0878tt7v4tdr.jpg
kvasir,cju2ulk385h170799rlklxob0.jpg,cju2ulk385h170799rlklxob0.jpg
kvasir,cju7ctvqn25dy08186g442m1r.jpg,cju7ctvqn25dy08186g442m1r.jpg
kvasir,cju1fm3id6gl50801r3fok20c.jpg,cju1fm3id6gl50801r3fok20c.jpg
kvasir,cju8ashhnquqr0801rwduzt7d.jpg,cju8ashhnquqr0801rwduzt7d.jpg
kvasir,cju2t62nq45jl0799odpufwx6.jpg,cju2t62nq45jl0799odpufwx6.jpg
kvasir,cju8czvnztbf40871b4m7t78w.jpg,cju8czvnztbf40871b4m7t78w.jpg
kvasir,cju2qtee81yd708787bsjr75d.jpg,cju2qtee81yd708787bsjr75d.jpg
kvasir,cju785htizjzo08017tvlhtg4.jpg,cju785htizjzo08017tvlhtg4.jpg
kvasir,cju42qet0lsq90871e50xbnuv.jpg,cju42qet0lsq90871e50xbnuv.jpg
kvasir,cju8a1jtvpt9m081712iwkca7.jpg,cju8a1jtvpt9m081712iwkca7.jpg
kvasir,cju1f8w0t65en0799m9oacq0q.jpg,cju1f8w0t65en0799m9oacq0q.jpg
kvasir,cju45n0oxn5vu08500yfrt9jn.jpg,cju45n0oxn5vu08500yfrt9jn.jpg
kvasir,cju14g8o4xui30878gkgbrvqj.jpg,cju14g8o4xui30878gkgbrvqj.jpg
kvasir,cju2nsmwjlzyl0993jl80chvz.jpg,cju2nsmwjlzyl0993jl80chvz.jpg
kvasir,cju83h9ysjwe808716nt35oah.jpg,cju83h9ysjwe808716nt35oah.jpg
kvasir,cju33mirdc8mj0799k33wzoes.jpg,cju33mirdc8mj0799k33wzoes.jpg
kvasir,cju5ca9hcatkc0801jzwe7tfx.jpg,cju5ca9hcatkc0801jzwe7tfx.jpg
kvasir,cju7ddtz729960801uazp1knc.jpg,cju7ddtz729960801uazp1knc.jpg
kvasir,cju34ymm8d6700799uop0cw33.jpg,cju34ymm8d6700799uop0cw33.jpg
kvasir,cju87mrypnb1e0818scv1mxxg.jpg,cju87mrypnb1e0818scv1mxxg.jpg
kvasir,cju8bljw9rqk20801kr54akrl.jpg,cju8bljw9rqk20801kr54akrl.jpg
kvasir,ck2bxqz3evvg20794iiyv5v2m.jpg,ck2bxqz3evvg20794iiyv5v2m.jpg
kvasir,cju31t8xd17bk0835rnb893jk.jpg,cju31t8xd17bk0835rnb893jk.jpg
kvasir,cju5wrrs0m2af0818vmnajbtw.jpg,cju5wrrs0m2af0818vmnajbtw.jpg
kvasir,cju76erapykj30871x5eaxh4q.jpg,cju76erapykj30871x5eaxh4q.jpg
kvasir,cju5jz5fff8c50871hbe6108f.jpg,cju5jz5fff8c50871hbe6108f.jpg
kvasir,cju5ukkg6kv7u08011x2b6zl5.jpg,cju5ukkg6kv7u08011x2b6zl5.jpg
kvasir,cju8c1a0ws7o208181c6lbsom.jpg,cju8c1a0ws7o208181c6lbsom.jpg
kvasir,cju1bhnfitmge0835ynls0l6b.jpg,cju1bhnfitmge0835ynls0l6b.jpg
kvasir,cju8418jhkf7d0818ga2v0xq0.jpg,cju8418jhkf7d0818ga2v0xq0.jpg
kvasir,cju6yywx1whbb0871ksgfgf9f.jpg,cju6yywx1whbb0871ksgfgf9f.jpg
kvasir,cju2qqn5ys4uo0988ewrt2ip2.jpg,cju2qqn5ys4uo0988ewrt2ip2.jpg
kvasir,cju2oo0wh0bqy0878biujeyhe.jpg,cju2oo0wh0bqy0878biujeyhe.jpg
kvasir,cju2hos57llxm08359g92p6jj.jpg,cju2hos57llxm08359g92p6jj.jpg
kvasir,ck2bxknhjvs1x0794iogrq49k.jpg,ck2bxknhjvs1x0794iogrq49k.jpg
kvasir,cju6x35ervu2808015c7eoqe4.jpg,cju6x35ervu2808015c7eoqe4.jpg
kvasir,cju76lsehyia10987u54vn8rb.jpg,cju76lsehyia10987u54vn8rb.jpg
kvasir,cju88z8bson4h0871nnd7fdxo.jpg,cju88z8bson4h0871nnd7fdxo.jpg
kvasir,cju1f5x1164xv08555654c24r.jpg,cju1f5x1164xv08555654c24r.jpg
kvasir,cju0sr5ghl0nd08789uzf1raf.jpg,cju0sr5ghl0nd08789uzf1raf.jpg
kvasir,cju8dqkrqu83i0818ev74qpxq.jpg,cju8dqkrqu83i0818ev74qpxq.jpg
kvasir,cju2nqapmzvk20801f9us40dx.jpg,cju2nqapmzvk20801f9us40dx.jpg
kvasir,cju2r2obh2bjm08553kng0rh7.jpg,cju2r2obh2bjm08553kng0rh7.jpg
kvasir,cju7d9seq29zd0871nzl2uu5m.jpg,cju7d9seq29zd0871nzl2uu5m.jpg
kvasir,cju6w733bveoz0817e600tw72.jpg,cju6w733bveoz0817e600tw72.jpg
kvasir,cju0roawvklrq0799vmjorwfv.jpg,cju0roawvklrq0799vmjorwfv.jpg
kvasir,cju7dglf226g50987ohbthl19.jpg,cju7dglf226g50987ohbthl19.jpg
kvasir,cju43o6n7m9nk087191ijwqq9.jpg,cju43o6n7m9nk087191ijwqq9.jpg
kvasir,cju2r6mt2om21099352pny5gw.jpg,cju2r6mt2om21099352pny5gw.jpg
kvasir,cju5w7xn0lrkq0801f9k0htgx.jpg,cju5w7xn0lrkq0801f9k0htgx.jpg
kvasir,cju7eea9b2m0z0801ynqv1fqu.jpg,cju7eea9b2m0z0801ynqv1fqu.jpg
kvasir,cju8aqq8uqmoq0987hphto9gg.jpg,cju8aqq8uqmoq0987hphto9gg.jpg
kvasir,cju2qz06823a40878ojcz9ccx.jpg,cju2qz06823a40878ojcz9ccx.jpg
kvasir,cju5ew4h9cqaf0818rrczkmqh.jpg,cju5ew4h9cqaf0818rrczkmqh.jpg
kvasir,cju33231uy4gi0993qc7b1jch.jpg,cju33231uy4gi0993qc7b1jch.jpg
kvasir,cju14hjh2ob2o0835ouz3r5aa.jpg,cju14hjh2ob2o0835ouz3r5aa.jpg
kvasir,cju7aez2x1jtj0871ztezs3oi.jpg,cju7aez2x1jtj0871ztezs3oi.jpg
kvasir,cju5clr68b48r0755cmuvponm.jpg,cju5clr68b48r0755cmuvponm.jpg
kvasir,cju88t4fvokxf07558ymyh281.jpg,cju88t4fvokxf07558ymyh281.jpg
kvasir,cju2uwz9f5yf1085506cfamfx.jpg,cju2uwz9f5yf1085506cfamfx.jpg
kvasir,cju8402x1kcy70801t6kz6bdi.jpg,cju8402x1kcy70801t6kz6bdi.jpg
kvasir,cju0s690hkp960855tjuaqvv0.jpg,cju0s690hkp960855tjuaqvv0.jpg
kvasir,cju1cdxvz48hw0801i0fjwcnk.jpg,cju1cdxvz48hw0801i0fjwcnk.jpg
kvasir,cju7fazv92ywx0755xov2erga.jpg,cju7fazv92ywx0755xov2erga.jpg
kvasir,cju787jnjzjuj0871p94nck9g.jpg,cju787jnjzjuj0871p94nck9g.jpg
kvasir,cju3518w2d838079939fqztbc.jpg,cju3518w2d838079939fqztbc.jpg
kvasir,cju358pwtdby20878cg7nm0np.jpg,cju358pwtdby20878cg7nm0np.jpg
kvasir,cju884985nlmx0817vzpax3y4.jpg,cju884985nlmx0817vzpax3y4.jpg
kvasir,cju7avvi51iox0817ym55y6tt.jpg,cju7avvi51iox0817ym55y6tt.jpg
kvasir,cju8a2itsq4dv0755ntlovpxe.jpg,cju8a2itsq4dv0755ntlovpxe.jpg
kvasir,cju18849rrsgr0988p90hkygb.jpg,cju18849rrsgr0988p90hkygb.jpg
kvasir,cju2xs6na81t20878pt6nkfip.jpg,cju2xs6na81t20878pt6nkfip.jpg
kvasir,cju2r7h21sj9608354gzks3ae.jpg,cju2r7h21sj9608354gzks3ae.jpg
kvasir,cju2nbdpmlmcj0993s1cht0dz.jpg,cju2nbdpmlmcj0993s1cht0dz.jpg
kvasir,cju40poe4kt9s0755f9cnm3h5.jpg,cju40poe4kt9s0755f9cnm3h5.jpg
kvasir,cju42romflni20817etb9a0fl.jpg,cju42romflni20817etb9a0fl.jpg
kvasir,cju2osuru0ki00855txo0n3uu.jpg,cju2osuru0ki00855txo0n3uu.jpg
kvasir,cju8cwy02t9eq08185qn12c02.jpg,cju8cwy02t9eq08185qn12c02.jpg
kvasir,cju40taxlkrho0987smigg0x0.jpg,cju40taxlkrho0987smigg0x0.jpg
kvasir,cju1amqw6p8pw0993d9gc5crl.jpg,cju1amqw6p8pw0993d9gc5crl.jpg
kvasir,cju1hyolc7aqu0878rrkfn1lr.jpg,cju1hyolc7aqu0878rrkfn1lr.jpg
kvasir,cju3yht87j83m08507yk1u1fg.jpg,cju3yht87j83m08507yk1u1fg.jpg
kvasir,cju16jgnyzp970878melv7r25.jpg,cju16jgnyzp970878melv7r25.jpg
kvasir,cju1cnnziug1l0835yh4ropyg.jpg,cju1cnnziug1l0835yh4ropyg.jpg
kvasir,cju6xlygpw7bs0818n691jsq4.jpg,cju6xlygpw7bs0818n691jsq4.jpg
kvasir,cju5x15djm7ae0755h8czf6nt.jpg,cju5x15djm7ae0755h8czf6nt.jpg
kvasir,cju77idwfz36d0871tzfzz51i.jpg,cju77idwfz36d0871tzfzz51i.jpg
kvasir,cju5ekty5ckzf07550c9u3ckk.jpg,cju5ekty5ckzf07550c9u3ckk.jpg
kvasir,cju7dsrtb2f8i085064kwugfk.jpg,cju7dsrtb2f8i085064kwugfk.jpg
kvasir,cju2yyhsp933j0855hp32e012.jpg,cju2yyhsp933j0855hp32e012.jpg
kvasir,cju41kd7yl4nm0850gil5qqwh.jpg,cju41kd7yl4nm0850gil5qqwh.jpg
kvasir,cju6x97w4vwua0850x0997r0a.jpg,cju6x97w4vwua0850x0997r0a.jpg
kvasir,cju2wxv0hxs2f09884w48v8fi.jpg,cju2wxv0hxs2f09884w48v8fi.jpg
kvasir,cju7bb3ss1uoo0755pmhyco7t.jpg,cju7bb3ss1uoo0755pmhyco7t.jpg
kvasir,cju45ofd9ne1j0801ri8dup7t.jpg,cju45ofd9ne1j0801ri8dup7t.jpg
kvasir,cju323ypb1fbb0988gx5rzudb.jpg,cju323ypb1fbb0988gx5rzudb.jpg
kvasir,cju7awzmu1ncs0871hziy65zx.jpg,cju7awzmu1ncs0871hziy65zx.jpg
kvasir,cju45lbgznahl08180xz1h7u6.jpg,cju45lbgznahl08180xz1h7u6.jpg
kvasir,cju418rckl3ur08012psrx1r1.jpg,cju418rckl3ur08012psrx1r1.jpg
kvasir,cju87ox0kncom0801b98hqnd2.jpg,cju87ox0kncom0801b98hqnd2.jpg
kvasir,cju6x4t13vyw60755gtcf9ndu.jpg,cju6x4t13vyw60755gtcf9ndu.jpg
kvasir,cju2lz8vqktne0993fuym6drw.jpg,cju2lz8vqktne0993fuym6drw.jpg
kvasir,cju87z6o6nh73085045bzsx6o.jpg,cju87z6o6nh73085045bzsx6o.jpg
kvasir,cju7arvfe1ldu0850erdmphgj.jpg,cju7arvfe1ldu0850erdmphgj.jpg
kvasir,cju0t4oil7vzk099370nun5h9.jpg,cju0t4oil7vzk099370nun5h9.jpg
kvasir,cju5ddda9bkkt0850enzwatb1.jpg,cju5ddda9bkkt0850enzwatb1.jpg
kvasir,cju7b2l561oas0871decgslaf.jpg,cju7b2l561oas0871decgslaf.jpg
kvasir,cjyzurzvohqnr0794es1itzek.jpg,cjyzurzvohqnr0794es1itzek.jpg
kvasir,cju8amfdtqi4x09871tygrgqe.jpg,cju8amfdtqi4x09871tygrgqe.jpg
kvasir,cju2zjcvj9qma0801dk71hhi0.jpg,cju2zjcvj9qma0801dk71hhi0.jpg
kvasir,cju336l68y7if0993wf092166.jpg,cju336l68y7if0993wf092166.jpg
kvasir,cju8at3s1qqqx0850hcq8nmnq.jpg,cju8at3s1qqqx0850hcq8nmnq.jpg
kvasir,cju7787c5yy3l080159mwqsnj.jpg,cju7787c5yy3l080159mwqsnj.jpg
kvasir,cju35c4wzdhow0799h6eq4sgs.jpg,cju35c4wzdhow0799h6eq4sgs.jpg
kvasir,cju0qx73cjw570799j4n5cjze.jpg,cju0qx73cjw570799j4n5cjze.jpg
kvasir,cju414lf2l1lt0801rl3hjllj.jpg,cju414lf2l1lt0801rl3hjllj.jpg
kvasir,cju2mfjndoz700988b9lc3zeq.jpg,cju2mfjndoz700988b9lc3zeq.jpg
kvasir,cju5yimthmlv80850zhoc90c2.jpg,cju5yimthmlv80850zhoc90c2.jpg
kvasir,cju2nd7l7z98o0799gfjvyfmw.jpg,cju2nd7l7z98o0799gfjvyfmw.jpg
kvasir,cju3u39fog1bo0871lxjrabks.jpg,cju3u39fog1bo0871lxjrabks.jpg
kvasir,cju3x9lttikfb0818a0g104zn.jpg,cju3x9lttikfb0818a0g104zn.jpg
kvasir,cju6wi3akvn8r0801px8eligc.jpg,cju6wi3akvn8r0801px8eligc.jpg
kvasir,cju5ktjwofed70817eg58ef7u.jpg,cju5ktjwofed70817eg58ef7u.jpg
kvasir,cju34ds2531520988qjpqt6e3.jpg,cju34ds2531520988qjpqt6e3.jpg
kvasir,cju5vbo6jldrt0871jf6f1700.jpg,cju5vbo6jldrt0871jf6f1700.jpg
kvasir,cju2qfie4rvz508357kad9z5o.jpg,cju2qfie4rvz508357kad9z5o.jpg
kvasir,cju5buy2bal250818ipl6fqwv.jpg,cju5buy2bal250818ipl6fqwv.jpg
kvasir,cju85c2d4ln1b0755zz1z3onx.jpg,cju85c2d4ln1b0755zz1z3onx.jpg
kvasir,cju5vxuc5loxw0818u8xgf45p.jpg,cju5vxuc5loxw0818u8xgf45p.jpg
kvasir,cju15ptjtppz40988odsm9azx.jpg,cju15ptjtppz40988odsm9azx.jpg
kvasir,cju7dtb1e2j0t0818deq51ib3.jpg,cju7dtb1e2j0t0818deq51ib3.jpg
kvasir,cjyzu3reghjya0794w7pwoi50.jpg,cjyzu3reghjya0794w7pwoi50.jpg
kvasir,cju774fmayxif0818u2g79usw.jpg,cju774fmayxif0818u2g79usw.jpg
kvasir,cju353d1eda8c07992afde611.jpg,cju353d1eda8c07992afde611.jpg
kvasir,cju1egx9pvz2n0988eoy8jp23.jpg,cju1egx9pvz2n0988eoy8jp23.jpg
kvasir,cju2wtwj87kys0855kx6mddzw.jpg,cju2wtwj87kys0855kx6mddzw.jpg
kvasir,cju2y26c588bo07993ksd8eoz.jpg,cju2y26c588bo07993ksd8eoz.jpg
kvasir,cju83vvmik9wa08710yeh7cuk.jpg,cju83vvmik9wa08710yeh7cuk.jpg
kvasir,cju2rnkt22xep0801as160g9t.jpg,cju2rnkt22xep0801as160g9t.jpg
kvasir,cju6wn57mvooj0850rp78hhy7.jpg,cju6wn57mvooj0850rp78hhy7.jpg
kvasir,cju2hjrqcvi2j0801bx1i6gxg.jpg,cju2hjrqcvi2j0801bx1i6gxg.jpg
kvasir,cju5yjq1pmlgc0801z0t24bly.jpg,cju5yjq1pmlgc0801z0t24bly.jpg
kvasir,cju7bf1lp1shi081835vs84lc.jpg,cju7bf1lp1shi081835vs84lc.jpg
kvasir,cju2nnqrqzp580855z8mhzgd6.jpg,cju2nnqrqzp580855z8mhzgd6.jpg
kvasir,cju2wzu8wxtgu09880ku9x1pg.jpg,cju2wzu8wxtgu09880ku9x1pg.jpg
kvasir,cju1cqc7n4gpy0855jt246k68.jpg,cju1cqc7n4gpy0855jt246k68.jpg
kvasir,cju2ntxtdzlvu0799xl3j9pan.jpg,cju2ntxtdzlvu0799xl3j9pan.jpg
kvasir,cju18ibp219ub08783i6o98g7.jpg,cju18ibp219ub08783i6o98g7.jpg
kvasir,cju13hp5rnbjx0835bf0jowgx.jpg,cju13hp5rnbjx0835bf0jowgx.jpg
kvasir,cju2zdhsczmn50988z64qwg2q.jpg,cju2zdhsczmn50988z64qwg2q.jpg
kvasir,cju8brv16rx7f0818uf5n89pv.jpg,cju8brv16rx7f0818uf5n89pv.jpg
kvasir,cjyzul1qggwwj07216mhiv5sy.jpg,cjyzul1qggwwj07216mhiv5sy.jpg
kvasir,cju87zv8lni0o0850hbbecbq6.jpg,cju87zv8lni0o0850hbbecbq6.jpg
kvasir,cju2tvrvm53ws0801a0jfjdxg.jpg,cju2tvrvm53ws0801a0jfjdxg.jpg
kvasir,cju357rxxdaz30878y2esjpjt.jpg,cju357rxxdaz30878y2esjpjt.jpg
kvasir,cju6xifswvwbo0987nibtdr50.jpg,cju6xifswvwbo0987nibtdr50.jpg
kvasir,cju88msmoo3470817m441j4sg.jpg,cju88msmoo3470817m441j4sg.jpg
kvasir,cju2phaksnahz0993yxogjcpv.jpg,cju2phaksnahz0993yxogjcpv.jpg
kvasir,cju42g865lorv07552ytz6xxa.jpg,cju42g865lorv07552ytz6xxa.jpg
kvasir,cju17otoe119u0799nqcbl8n1.jpg,cju17otoe119u0799nqcbl8n1.jpg
kvasir,cju34zivp3fq80988opxbaqyn.jpg,cju34zivp3fq80988opxbaqyn.jpg
kvasir,cju2i6acqvo6l0799u20fift8.jpg,cju2i6acqvo6l0799u20fift8.jpg
kvasir,cju5i39mreass0817au8p22zy.jpg,cju5i39mreass0817au8p22zy.jpg
kvasir,cju7emdni2py40871ivhxjtut.jpg,cju7emdni2py40871ivhxjtut.jpg
kvasir,cju7ehljc2or70871261br8ai.jpg,cju7ehljc2or70871261br8ai.jpg
kvasir,cju5eq8c8ck690850vix98hv3.jpg,cju5eq8c8ck690850vix98hv3.jpg
kvasir,cju8bssulrrcy0987h1vq5060.jpg,cju8bssulrrcy0987h1vq5060.jpg
kvasir,cju31w6goazci0799n014ly1q.jpg,cju31w6goazci0799n014ly1q.jpg
kvasir,cju7cl8zm1xcu0817ado0jpas.jpg,cju7cl8zm1xcu0817ado0jpas.jpg
kvasir,cju6v4szov55u0871qmqz3v8n.jpg,cju6v4szov55u0871qmqz3v8n.jpg
kvasir,cju40r6jrksyk0871wg98zgho.jpg,cju40r6jrksyk0871wg98zgho.jpg
kvasir,cju32l161bi1v07990vm376in.jpg,cju32l161bi1v07990vm376in.jpg
kvasir,cju1c6yfz42md08550zgoz3pw.jpg,cju1c6yfz42md08550zgoz3pw.jpg
kvasir,cju2p91qir00k08350ddfif0w.jpg,cju2p91qir00k08350ddfif0w.jpg
kvasir,cju35k2fr3vc50988c85qkrwg.jpg,cju35k2fr3vc50988c85qkrwg.jpg
kvasir,cju3u4lxmg59o0755rz42b9en.jpg,cju3u4lxmg59o0755rz42b9en.jpg
kvasir,cju171py4qiha0835u8sl59ds.jpg,cju171py4qiha0835u8sl59ds.jpg
kvasir,cju1fuoa4wmc50835qfd11sp9.jpg,cju1fuoa4wmc50835qfd11sp9.jpg
kvasir,cju3xvoo2iqlc0817eku2r3wl.jpg,cju3xvoo2iqlc0817eku2r3wl.jpg
kvasir,cju6z7e4bwgdd0987ogkzq9kt.jpg,cju6z7e4bwgdd0987ogkzq9kt.jpg
kvasir,cju7azuu31mia0801pf9ib5ed.jpg,cju7azuu31mia0801pf9ib5ed.jpg
kvasir,cju5eyfe9cpk90987laa7tsl3.jpg,cju5eyfe9cpk90987laa7tsl3.jpg
kvasir,cju2ouil2mssu0993hvxsed6d.jpg,cju2ouil2mssu0993hvxsed6d.jpg
kvasir,cju5vzjoslpj708186z2fusmz.jpg,cju5vzjoslpj708186z2fusmz.jpg
kvasir,cju5wmvsdlx1j0871npgj8j4b.jpg,cju5wmvsdlx1j0871npgj8j4b.jpg
kvasir,cju32zhbnc1oy0801iyv1ix6p.jpg,cju32zhbnc1oy0801iyv1ix6p.jpg
kvasir,cju5fu081d8gc0818l3yylujk.jpg,cju5fu081d8gc0818l3yylujk.jpg
kvasir,cju7cue9b232j0801qdzk1ykj.jpg,cju7cue9b232j0801qdzk1ykj.jpg
kvasir,cju5wtdu4m0im0871mix0yvc0.jpg,cju5wtdu4m0im0871mix0yvc0.jpg
kvasir,cju8bk8oirjhw0817hgkua2w8.jpg,cju8bk8oirjhw0817hgkua2w8.jpg
kvasir,cju83u9ftk3ni0987qnhlcinv.jpg,cju83u9ftk3ni0987qnhlcinv.jpg
kvasir,cju84gpefknwm098714oq8q61.jpg,cju84gpefknwm098714oq8q61.jpg
kvasir,cju2rga4psq9n09881z519xx0.jpg,cju2rga4psq9n09881z519xx0.jpg
kvasir,cju7dizi82h2i0755doucgnt3.jpg,cju7dizi82h2i0755doucgnt3.jpg
kvasir,cju17x0j4nfc10993y31pvlgs.jpg,cju17x0j4nfc10993y31pvlgs.jpg
kvasir,cju2hw5gjlr5h0988so2qqres.jpg,cju2hw5gjlr5h0988so2qqres.jpg
kvasir,cju8567gdlcbq0801dwwyo2jt.jpg,cju8567gdlcbq0801dwwyo2jt.jpg
kvasir,cju7agj961l2r0818z29iq8yn.jpg,cju7agj961l2r0818z29iq8yn.jpg
kvasir,cju2hx006vidl0799igm81vmh.jpg,cju2hx006vidl0799igm81vmh.jpg
kvasir,ck2bxlujamu330725szlc2jdu.jpg,ck2bxlujamu330725szlc2jdu.jpg
kvasir,cju41s6nbleqy0755e2mslg0b.jpg,cju41s6nbleqy0755e2mslg0b.jpg
kvasir,cju2rxm8rpbaf0993o3qr2oph.jpg,cju2rxm8rpbaf0993o3qr2oph.jpg
kvasir,cju5k7r0yf98c09878csbxb4d.jpg,cju5k7r0yf98c09878csbxb4d.jpg
kvasir,cju88q6h6obpd0871ckmiabbo.jpg,cju88q6h6obpd0871ckmiabbo.jpg
kvasir,cju7do8c72dbo0801vxfzxdc4.jpg,cju7do8c72dbo0801vxfzxdc4.jpg
kvasir,ck2bxw18mmz1k0725litqq2mc.jpg,ck2bxw18mmz1k0725litqq2mc.jpg
kvasir,cju5o4pk9h0720755lgp9jq8m.jpg,cju5o4pk9h0720755lgp9jq8m.jpg
kvasir,cju1ddr6p4k5z08780uuuzit2.jpg,cju1ddr6p4k5z08780uuuzit2.jpg
kvasir,cju2syxa93yw40799x2iuwabz.jpg,cju2syxa93yw40799x2iuwabz.jpg
kvasir,cju5chrxxawka0871qcj171yz.jpg,cju5chrxxawka0871qcj171yz.jpg
kvasir,cju2wve9v7esz0878mxsdcy04.jpg,cju2wve9v7esz0878mxsdcy04.jpg
kvasir,cju6z600qwh4z081700qimgl9.jpg,cju6z600qwh4z081700qimgl9.jpg
kvasir,cju30mm25a53s0799qa5wiqe8.jpg,cju30mm25a53s0799qa5wiqe8.jpg
kvasir,cju8c5mxls96t0850wvkvsity.jpg,cju8c5mxls96t0850wvkvsity.jpg
kvasir,cju18gzrq18zw0878wbf4ftw6.jpg,cju18gzrq18zw0878wbf4ftw6.jpg
kvasir,cju5eftctcdbj08712gdp989f.jpg,cju5eftctcdbj08712gdp989f.jpg
kvasir,cju2saez63gxl08559ucjq3kt.jpg,cju2saez63gxl08559ucjq3kt.jpg
kvasir,cju7ejm2l2ncl0801wq6y84nw.jpg,cju7ejm2l2ncl0801wq6y84nw.jpg
kvasir,cju5o1vu9gz8a0818eyy92bns.jpg,cju5o1vu9gz8a0818eyy92bns.jpg
kvasir,cju85fc11ljr40818edpb0inh.jpg,cju85fc11ljr40818edpb0inh.jpg
kvasir,cju45jpvfn6c809873pv1i34s.jpg,cju45jpvfn6c809873pv1i34s.jpg
kvasir,cju0sxqiclckk08551ycbwhno.jpg,cju0sxqiclckk08551ycbwhno.jpg
kvasir,cju2s2527pfyr0993l3h1149a.jpg,cju2s2527pfyr0993l3h1149a.jpg
kvasir,cju6ut4l8va6y0755tyw3vfqq.jpg,cju6ut4l8va6y0755tyw3vfqq.jpg
kvasir,cju8adb60qbiu080188mxpf8d.jpg,cju8adb60qbiu080188mxpf8d.jpg
kvasir,cju43eigtm6ev0801mv0m96t1.jpg,cju43eigtm6ev0801mv0m96t1.jpg
kvasir,cju34i3qvcyog0855qiejxx5w.jpg,cju34i3qvcyog0855qiejxx5w.jpg
kvasir,cju2urqpwvxw70835rvndvtsi.jpg,cju2urqpwvxw70835rvndvtsi.jpg
kvasir,cju7d6ux323ze0987xos3srkx.jpg,cju7d6ux323ze0987xos3srkx.jpg
kvasir,cju30ov1oah920801mi8thuyg.jpg,cju30ov1oah920801mi8thuyg.jpg
kvasir,cju2xbk0080y80801eghyddi2.jpg,cju2xbk0080y80801eghyddi2.jpg
kvasir,cju6wuojavt740818b5qcv3iw.jpg,cju6wuojavt740818b5qcv3iw.jpg
kvasir,cju2r91dg2k090801bh0xzbxk.jpg,cju2r91dg2k090801bh0xzbxk.jpg
kvasir,cju8432cmkgq90871cxe4iptl.jpg,cju8432cmkgq90871cxe4iptl.jpg
kvasir,cju8ando2qqdo0818ck7i1be1.jpg,cju8ando2qqdo0818ck7i1be1.jpg
kvasir,cju8c2rqzs5t80850d0zky5dy.jpg,cju8c2rqzs5t80850d0zky5dy.jpg
kvasir,cju3x7xsaijq80818f0psavav.jpg,cju3x7xsaijq80818f0psavav.jpg
kvasir,cju2xyd9vyi7m098831qcucse.jpg,cju2xyd9vyi7m098831qcucse.jpg
kvasir,cju84ffdzkrjn08183jh1fxmb.jpg,cju84ffdzkrjn08183jh1fxmb.jpg
kvasir,cju2pkwt3r8b90988v2ywq1px.jpg,cju2pkwt3r8b90988v2ywq1px.jpg
kvasir,cju7es23b2vcp0755gpbm9s7v.jpg,cju7es23b2vcp0755gpbm9s7v.jpg
kvasir,cju8bi8q7rlmn0871abc5ch8k.jpg,cju8bi8q7rlmn0871abc5ch8k.jpg
kvasir,cju7ezs7g2mxm098787atbran.jpg,cju7ezs7g2mxm098787atbran.jpg
kvasir,cju2ysg748ru80878sp6j0gm0.jpg,cju2ysg748ru80878sp6j0gm0.jpg
kvasir,cju5waeduln160817w0agirve.jpg,cju5waeduln160817w0agirve.jpg
kvasir,cju847pxykriq0755268ktrk2.jpg,cju847pxykriq0755268ktrk2.jpg
kvasir,cju33belnbyhm0878yxl42233.jpg,cju33belnbyhm0878yxl42233.jpg
kvasir,cju7dubap2g0w0801fgl42mg9.jpg,cju7dubap2g0w0801fgl42mg9.jpg
kvasir,cju6v5ilsv8hk0850rb5sgh6o.jpg,cju6v5ilsv8hk0850rb5sgh6o.jpg
kvasir,cju7efffp2ivf0817etg3jehl.jpg,cju7efffp2ivf0817etg3jehl.jpg
kvasir,cju5u4pywk81x0817vn9pe14z.jpg,cju5u4pywk81x0817vn9pe14z.jpg
kvasir,cju83wwn1k55e0850kw6i2d81.jpg,cju83wwn1k55e0850kw6i2d81.jpg
kvasir,cju7csvlb22fr0850lvm45n3x.jpg,cju7csvlb22fr0850lvm45n3x.jpg
kvasir,cju3tsh4lfsok0987w6x3a0v1.jpg,cju3tsh4lfsok0987w6x3a0v1.jpg
kvasir,cju3ykamdj9u208503pygyuc8.jpg,cju3ykamdj9u208503pygyuc8.jpg
kvasir,cju2qu37qobl50993aw7ghcfq.jpg,cju2qu37qobl50993aw7ghcfq.jpg
kvasir,cju7evxt12m730987rxivne3x.jpg,cju7evxt12m730987rxivne3x.jpg
kvasir,cju8c6hnxsdvr0801wn0vrsa6.jpg,cju8c6hnxsdvr0801wn0vrsa6.jpg
kvasir,cju8bafgqrf4x0818twisk3ea.jpg,cju8bafgqrf4x0818twisk3ea.jpg
kvasir,cju8dic9mtppa0987swn23wbc.jpg,cju8dic9mtppa0987swn23wbc.jpg
kvasir,cju8doa16u5gh0818w1ywda3q.jpg,cju8doa16u5gh0818w1ywda3q.jpg
kvasir,cju2htabevq9108015qjei0x7.jpg,cju2htabevq9108015qjei0x7.jpg
kvasir,cju3xtufwiv9c0818djsc4cqd.jpg,cju3xtufwiv9c0818djsc4cqd.jpg
kvasir,cju8b5p40r2c60987ofa0mu03.jpg,cju8b5p40r2c60987ofa0mu03.jpg
kvasir,cju2qn2fzs1vy0988l243cvzy.jpg,cju2qn2fzs1vy0988l243cvzy.jpg
kvasir,cju83ipu3jwpx0801z5pvguf8.jpg,cju83ipu3jwpx0801z5pvguf8.jpg
kvasir,cju87kbcen2av0987usezo8kn.jpg,cju87kbcen2av0987usezo8kn.jpg
kvasir,cju5wj0faly5008187n6530af.jpg,cju5wj0faly5008187n6530af.jpg
kvasir,cju6vqarjv7yo0987q4b1btk1.jpg,cju6vqarjv7yo0987q4b1btk1.jpg
kvasir,cju2xwm1s84l50799i60mq0pu.jpg,cju2xwm1s84l50799i60mq0pu.jpg
kvasir,cju88evxanv9r08176zkeovec.jpg,cju88evxanv9r08176zkeovec.jpg
kvasir,cjyzufihqquiw0a46jatrbwln.jpg,cjyzufihqquiw0a46jatrbwln.jpg
kvasir,cju330ofbc2l30801th5g3hw6.jpg,cju330ofbc2l30801th5g3hw6.jpg
kvasir,cju2u2b9o4zvp08788qb9nqxj.jpg,cju2u2b9o4zvp08788qb9nqxj.jpg
kvasir,cju3y54kwj3nr0801biidlb4e.jpg,cju3y54kwj3nr0801biidlb4e.jpg
kvasir,cju7ekbo32pft0871fv7kzwb9.jpg,cju7ekbo32pft0871fv7kzwb9.jpg
kvasir,cju2hdr06v2bq0799mbm3bks1.jpg,cju2hdr06v2bq0799mbm3bks1.jpg
kvasir,cju5wcc90lu020850mjrxppv6.jpg,cju5wcc90lu020850mjrxppv6.jpg
kvasir,cju2z1nxlzaj40835wj81s1iy.jpg,cju2z1nxlzaj40835wj81s1iy.jpg
kvasir,cju6z1bzbwfq50817b2alatvr.jpg,cju6z1bzbwfq50817b2alatvr.jpg
kvasir,cju3ya7goj6at0818v2l5ay7f.jpg,cju3ya7goj6at0818v2l5ay7f.jpg
kvasir,cju2pjb9v0ywn0878j5g5n69j.jpg,cju2pjb9v0ywn0878j5g5n69j.jpg
kvasir,cju88gx09o2vk0818610zody3.jpg,cju88gx09o2vk0818610zody3.jpg
kvasir,cju2hfqnmhisa0993gpleeldd.jpg,cju2hfqnmhisa0993gpleeldd.jpg
kvasir,cju85plp7lmkw0850rx42jdpf.jpg,cju85plp7lmkw0850rx42jdpf.jpg
kvasir,cju7dymur2od30755eg8yv2ht.jpg,cju7dymur2od30755eg8yv2ht.jpg
kvasir,cju84jdl9kv0i0871eog9b3i9.jpg,cju84jdl9kv0i0871eog9b3i9.jpg
kvasir,cju1871y11d6r0799k6cw4yze.jpg,cju1871y11d6r0799k6cw4yze.jpg
kvasir,cju5f0dezct4q08183ydw11dx.jpg,cju5f0dezct4q08183ydw11dx.jpg
kvasir,cju8ceacrsqkr0755hdz145es.jpg,cju8ceacrsqkr0755hdz145es.jpg
kvasir,cju2uy8ox62jo0801g88hh42z.jpg,cju2uy8ox62jo0801g88hh42z.jpg
kvasir,cju2yljr0yzhw0988ecf271ly.jpg,cju2yljr0yzhw0988ecf271ly.jpg
kvasir,cju5cu8qkb84x08186jwo8yin.jpg,cju5cu8qkb84x08186jwo8yin.jpg
kvasir,cju5bycdkalkb09875f7bfrvx.jpg,cju5bycdkalkb09875f7bfrvx.jpg
kvasir,cju1bm8063nmh07996rsjjemq.jpg,cju1bm8063nmh07996rsjjemq.jpg
kvasir,cju3280wv1ir009882jze27tc.jpg,cju3280wv1ir009882jze27tc.jpg
kvasir,cju5yeqiwmkgl0801fzv2douc.jpg,cju5yeqiwmkgl0801fzv2douc.jpg
kvasir,cju77b3wyz4160755qis4ljsb.jpg,cju77b3wyz4160755qis4ljsb.jpg
kvasir,cju3y21quj0ir0818kgjagr15.jpg,cju3y21quj0ir0818kgjagr15.jpg
kvasir,cju45pm27n80u08174kyow1gj.jpg,cju45pm27n80u08174kyow1gj.jpg
kvasir,cju8cbsyssiqj0871gr4jedjp.jpg,cju8cbsyssiqj0871gr4jedjp.jpg
kvasir,cju8bysfgrzkl081786jwac09.jpg,cju8bysfgrzkl081786jwac09.jpg
kvasir,cju8axq24r4an0755yhv9d4ly.jpg,cju8axq24r4an0755yhv9d4ly.jpg
kvasir,cju7aqkue1i2k09879uzcpt8r.jpg,cju7aqkue1i2k09879uzcpt8r.jpg
kvasir,cju886ryxnsl50801r93jai7q.jpg,cju886ryxnsl50801r93jai7q.jpg
kvasir,cju7b1ygu1msd0801hywhy0mc.jpg,cju7b1ygu1msd0801hywhy0mc.jpg
kvasir,cju0u2g7pmnux0801vkk47ivj.jpg,cju0u2g7pmnux0801vkk47ivj.jpg
kvasir,cju7fmvpk2q170987v6i3ola8.jpg,cju7fmvpk2q170987v6i3ola8.jpg
kvasir,cju83nwu1jxte0987h1krpfmv.jpg,cju83nwu1jxte0987h1krpfmv.jpg
kvasir,cju8a84g0q76m0818hwiggkod.jpg,cju8a84g0q76m0818hwiggkod.jpg
kvasir,cju41r6v2lcww0871ps8k8pf5.jpg,cju41r6v2lcww0871ps8k8pf5.jpg
kvasir,cju5xjn5mm78b09871spyqhhr.jpg,cju5xjn5mm78b09871spyqhhr.jpg
kvasir,cjyzu9th0qt4r0a46pyl4zik0.jpg,cjyzu9th0qt4r0a46pyl4zik0.jpg
kvasir,cju85qefyln6v0850szeb9byi.jpg,cju85qefyln6v0850szeb9byi.jpg
kvasir,cju6wjm81vgsc0987enk9n3pr.jpg,cju6wjm81vgsc0987enk9n3pr.jpg
kvasir,cju5boicjagt20871b1fotkh4.jpg,cju5boicjagt20871b1fotkh4.jpg
kvasir,cju6vifjlv55z0987un6y4zdo.jpg,cju6vifjlv55z0987un6y4zdo.jpg
kvasir,cju34repocy5208780gswillm.jpg,cju34repocy5208780gswillm.jpg
kvasir,cju5vwbr4lhqn0987a1pji0ux.jpg,cju5vwbr4lhqn0987a1pji0ux.jpg
kvasir,cju2yi9tz8vky0801yqip0xyl.jpg,cju2yi9tz8vky0801yqip0xyl.jpg
kvasir,cju8apjewqrk00801k5d71gky.jpg,cju8apjewqrk00801k5d71gky.jpg
kvasir,cju7d3oc82cho0755dajlwldz.jpg,cju7d3oc82cho0755dajlwldz.jpg
kvasir,cju2p4ddkmzxj0993p94o62av.jpg,cju2p4ddkmzxj0993p94o62av.jpg
kvasir,cju885ikhnmkn09878s2lqtuh.jpg,cju885ikhnmkn09878s2lqtuh.jpg
kvasir,cju2trbpkv0c00988hxla5dzz.jpg,cju2trbpkv0c00988hxla5dzz.jpg
kvasir,cju8b8yair65w09878pyqtr96.jpg,cju8b8yair65w09878pyqtr96.jpg
kvasir,cju7fen322ou10817ziqkob4k.jpg,cju7fen322ou10817ziqkob4k.jpg
kvasir,cju8alhigqn2h0801zksudldd.jpg,cju8alhigqn2h0801zksudldd.jpg
kvasir,cju7fnfv02tt90801djnix9m8.jpg,cju7fnfv02tt90801djnix9m8.jpg
kvasir,cju84hibuktj80871u519o71q.jpg,cju84hibuktj80871u519o71q.jpg
kvasir,cju85dx63lic408017f0l0400.jpg,cju85dx63lic408017f0l0400.jpg
kvasir,cju33x0f22peh0988g0ln7w5v.jpg,cju33x0f22peh0988g0ln7w5v.jpg
kvasir,cju5knbbqfipk080128cggukq.jpg,cju5knbbqfipk080128cggukq.jpg
kvasir,cju8d4jgatgpj0871q2ophhkm.jpg,cju8d4jgatgpj0871q2ophhkm.jpg
kvasir,cju858eswlepn0871pzvdrhj1.jpg,cju858eswlepn0871pzvdrhj1.jpg
kvasir,cju7frtqu2xa20818wq8r9fzf.jpg,cju7frtqu2xa20818wq8r9fzf.jpg
kvasir,cju1g4nsb6ngy0799l4ezm8ab.jpg,cju1g4nsb6ngy0799l4ezm8ab.jpg
kvasir,cju302fqq9spc0878rrygyzzz.jpg,cju302fqq9spc0878rrygyzzz.jpg
kvasir,cju306x7w05nb0835cunv799x.jpg,cju306x7w05nb0835cunv799x.jpg
kvasir,cju33eqwbcch208012jikwdky.jpg,cju33eqwbcch208012jikwdky.jpg
kvasir,cju2omjpeqj5a0988pjdlb8l1.jpg,cju2omjpeqj5a0988pjdlb8l1.jpg
kvasir,cju5vcmrqla7i0817x4sp4pqw.jpg,cju5vcmrqla7i0817x4sp4pqw.jpg
kvasir,cju31y80qbawn0801twwm2l5s.jpg,cju31y80qbawn0801twwm2l5s.jpg
kvasir,cju6vta3kvazg0817qbeppjtm.jpg,cju6vta3kvazg0817qbeppjtm.jpg
kvasir,cju85ia1slh220987y7c20sm2.jpg,cju85ia1slh220987y7c20sm2.jpg
kvasir,cju7dhpsc2dnn0818025m6857.jpg,cju7dhpsc2dnn0818025m6857.jpg
kvasir,cju77196iyshb0850ycbto50a.jpg,cju77196iyshb0850ycbto50a.jpg
kvasir,cju5uzmaol56l0817flxh4w9p.jpg,cju5uzmaol56l0817flxh4w9p.jpg
kvasir,cju7deifq2fzn0755lc8idyh8.jpg,cju7deifq2fzn0755lc8idyh8.jpg
kvasir,cju5fs6j6d8350801vglraq4u.jpg,cju5fs6j6d8350801vglraq4u.jpg
kvasir,cju5k3j3uf6de0817hszzfr7n.jpg,cju5k3j3uf6de0817hszzfr7n.jpg
kvasir,cju5wphwwlu3m0987hh3ltg88.jpg,cju5wphwwlu3m0987hh3ltg88.jpg
kvasir,cju0vtox5ain6099360pu62rp.jpg,cju0vtox5ain6099360pu62rp.jpg
kvasir,cju5g163vd6mt0817uccuga6u.jpg,cju5g163vd6mt0817uccuga6u.jpg
kvasir,cju2np2k9zi3v079992ypxqkn.jpg,cju2np2k9zi3v079992ypxqkn.jpg
kvasir,cju7d7tly27h408016fyp5nr7.jpg,cju7d7tly27h408016fyp5nr7.jpg
kvasir,cju35eg0tdmjt085525sb4bua.jpg,cju35eg0tdmjt085525sb4bua.jpg
kvasir,cju1efbr0rqxz09931z0lf4vf.jpg,cju1efbr0rqxz09931z0lf4vf.jpg
kvasir,cju3u815rg4ek0850vvhtcvcm.jpg,cju3u815rg4ek0850vvhtcvcm.jpg
kvasir,cju0ue769mxii08019zqgdbxn.jpg,cju0ue769mxii08019zqgdbxn.jpg
kvasir,cju7d7aut2a2p0818z4uxc6cd.jpg,cju7d7aut2a2p0818z4uxc6cd.jpg
kvasir,cju5hjxaae3i40850h5z2laf5.jpg,cju5hjxaae3i40850h5z2laf5.jpg
kvasir,cju7b3f5h1sm40755i572jden.jpg,cju7b3f5h1sm40755i572jden.jpg
kvasir,cju2s16zp317h0799gr67jqc2.jpg,cju2s16zp317h0799gr67jqc2.jpg
kvasir,cju85nr8elly209872w9n5m0s.jpg,cju85nr8elly209872w9n5m0s.jpg
kvasir,cju3tx1qyg0c907552fglumhc.jpg,cju3tx1qyg0c907552fglumhc.jpg
kvasir,cju1haab178i70799tk9z8y8x.jpg,cju1haab178i70799tk9z8y8x.jpg
kvasir,cju34xspwzenf0993cyzajv9n.jpg,cju34xspwzenf0993cyzajv9n.jpg
kvasir,cju7aklv31h4309871m29l4e7.jpg,cju7aklv31h4309871m29l4e7.jpg
kvasir,cju3yb47cj1xq0817zfotbni4.jpg,cju3yb47cj1xq0817zfotbni4.jpg
kvasir,cju15jr8jz8sb0855ukmkswkz.jpg,cju15jr8jz8sb0855ukmkswkz.jpg
kvasir,cju2t2ivz43i10878zeg8r1br.jpg,cju2t2ivz43i10878zeg8r1br.jpg
kvasir,cju2iatlki5u309930zmgkv6h.jpg,cju2iatlki5u309930zmgkv6h.jpg
kvasir,cju8djdqztu6408506pzhlo18.jpg,cju8djdqztu6408506pzhlo18.jpg
kvasir,cju8auylgqx0z0871u4o4db7o.jpg,cju8auylgqx0z0871u4o4db7o.jpg
kvasir,cju32fhnhbds40799broyoptc.jpg,cju32fhnhbds40799broyoptc.jpg
kvasir,cju83kxitjv340987z09m0ezy.jpg,cju83kxitjv340987z09m0ezy.jpg
kvasir,cju8bgdmqrksy0801tozdmraa.jpg,cju8bgdmqrksy0801tozdmraa.jpg
kvasir,cju2zp89k9q1g0855k1x0f1xa.jpg,cju2zp89k9q1g0855k1x0f1xa.jpg
kvasir,cju5ufn3skquf0818dhapnhba.jpg,cju5ufn3skquf0818dhapnhba.jpg
kvasir,cju1b3zgj3d8e0801kpolea6c.jpg,cju1b3zgj3d8e0801kpolea6c.jpg
kvasir,cju5klveuff6w0871wbibgh3m.jpg,cju5klveuff6w0871wbibgh3m.jpg
kvasir,cju2spdagu1l50835da1f46fr.jpg,cju2spdagu1l50835da1f46fr.jpg
kvasir,cju892fesoq2g0801n0e0jyia.jpg,cju892fesoq2g0801n0e0jyia.jpg
kvasir,cju7d1tvt25bu08019dvw3uff.jpg,cju7d1tvt25bu08019dvw3uff.jpg
kvasir,cju6yxyt0wh080871sqpepu47.jpg,cju6yxyt0wh080871sqpepu47.jpg
kvasir,cju2sggy13na70855tbeoqgha.jpg,cju2sggy13na70855tbeoqgha.jpg
kvasir,cju32gzs6xo8x0993r8tedbpb.jpg,cju32gzs6xo8x0993r8tedbpb.jpg
kvasir,cju17bz250pgd0799u1hqkj5u.jpg,cju17bz250pgd0799u1hqkj5u.jpg
kvasir,cju7d8m3b2e210755l8fj1yph.jpg,cju7d8m3b2e210755l8fj1yph.jpg
kvasir,cju42nm68lpyo0818xvvqmupq.jpg,cju42nm68lpyo0818xvvqmupq.jpg
kvasir,cju1d31sp4d4k0878r3fr02ul.jpg,cju1d31sp4d4k0878r3fr02ul.jpg
kvasir,cju5xq3tdm9fn0987pbedxdg5.jpg,cju5xq3tdm9fn0987pbedxdg5.jpg
kvasir,cju2i8br1vqtd08784u6vmcjk.jpg,cju2i8br1vqtd08784u6vmcjk.jpg
kvasir,cju7cq6su27qv075574dir0r3.jpg,cju7cq6su27qv075574dir0r3.jpg
kvasir,cju7ahtkb1jr90801jck4kbds.jpg,cju7ahtkb1jr90801jck4kbds.jpg
kvasir,cju32upim1z7u0988l883nqp6.jpg,cju32upim1z7u0988l883nqp6.jpg
kvasir,cju5ht88gedbu0755xrcuddcx.jpg,cju5ht88gedbu0755xrcuddcx.jpg
kvasir,cju16whaj0e7n0855q7b6cjkm.jpg,cju16whaj0e7n0855q7b6cjkm.jpg
kvasir,cju7db7lp2f400755tntd1ohf.jpg,cju7db7lp2f400755tntd1ohf.jpg
kvasir,cju33za6l2qy70988jhrlp2ev.jpg,cju33za6l2qy70988jhrlp2ev.jpg
kvasir,cju3xuj20ivgp0818mij8bjrd.jpg,cju3xuj20ivgp0818mij8bjrd.jpg
kvasir,cju2oq5570avm079959o20op1.jpg,cju2oq5570avm079959o20op1.jpg
kvasir,cju2s9g11pnra0993gn4eh793.jpg,cju2s9g11pnra0993gn4eh793.jpg
kvasir,cju7etr3y2p4t0801cdzjj8ab.jpg,cju7etr3y2p4t0801cdzjj8ab.jpg
kvasir,cju84dsvaklpx098750hp83x4.jpg,cju84dsvaklpx098750hp83x4.jpg
kvasir,cju1cbokpuiw70988j4lq1fpi.jpg,cju1cbokpuiw70988j4lq1fpi.jpg
kvasir,cju2z9vlp9j0w0801oag91sy9.jpg,cju2z9vlp9j0w0801oag91sy9.jpg
kvasir,cju5udcufki0s09874ll1dbr5.jpg,cju5udcufki0s09874ll1dbr5.jpg
kvasir,cju2pag1f0s4r0878h52uq83s.jpg,cju2pag1f0s4r0878h52uq83s.jpg
kvasir,cju1gv7106qd008784gk603mg.jpg,cju1gv7106qd008784gk603mg.jpg
kvasir,cju2igw4gvxds0878808qj398.jpg,cju2igw4gvxds0878808qj398.jpg
kvasir,cju1fb9236a110801yvg0fwju.jpg,cju1fb9236a110801yvg0fwju.jpg
kvasir,cju88oh0po9gq0801nge4tgr1.jpg,cju88oh0po9gq0801nge4tgr1.jpg
kvasir,cju7bgnvb1sf808717qa799ir.jpg,cju7bgnvb1sf808717qa799ir.jpg
kvasir,cju5thdbrjp1108715xdfx356.jpg,cju5thdbrjp1108715xdfx356.jpg
kvasir,cju7bc95p1mdm0817yqj5jc6j.jpg,cju7bc95p1mdm0817yqj5jc6j.jpg
kvasir,cju88itqbny720987hxizbj5y.jpg,cju88itqbny720987hxizbj5y.jpg
kvasir,cju85mpuglq8k0818d2it6hzb.jpg,cju85mpuglq8k0818d2it6hzb.jpg
kvasir,cjyzuio1qgh040763k56deohv.jpg,cjyzuio1qgh040763k56deohv.jpg
kvasir,cju2zm0axztpe0988r8s9twjr.jpg,cju2zm0axztpe0988r8s9twjr.jpg
kvasir,cju2zdvjn9h7r08553cp4eed5.jpg,cju2zdvjn9h7r08553cp4eed5.jpg
kvasir,cju1hhj6mxfp90835n3wofrap.jpg,cju1hhj6mxfp90835n3wofrap.jpg
kvasir,cjyzl833ndne80838pzuq6ila.jpg,cjyzl833ndne80838pzuq6ila.jpg
kvasir,cju16d65tzw9d0799ouslsw25.jpg,cju16d65tzw9d0799ouslsw25.jpg
kvasir,ck2bxskgxxzfv08386xkqtqdy.jpg,ck2bxskgxxzfv08386xkqtqdy.jpg
kvasir,cju8dpa89u6l80818dj6lldh9.jpg,cju8dpa89u6l80818dj6lldh9.jpg
kvasir,cju2lberzkdzm09938cl40pog.jpg,cju2lberzkdzm09938cl40pog.jpg
kvasir,cju5x00l6m5j608503k78ptee.jpg,cju5x00l6m5j608503k78ptee.jpg
kvasir,cju34uhepd3dd0799hs8782ad.jpg,cju34uhepd3dd0799hs8782ad.jpg
kvasir,cju8914beokbf0850isxpocrk.jpg,cju8914beokbf0850isxpocrk.jpg
kvasir,cju3xhpvvimda0987ygrpzni2.jpg,cju3xhpvvimda0987ygrpzni2.jpg
kvasir,cju3umoh1geet0817cmpef5am.jpg,cju3umoh1geet0817cmpef5am.jpg
kvasir,cju1ffnjn6ctm08015perkg37.jpg,cju1ffnjn6ctm08015perkg37.jpg
kvasir,cju7flevb2wii08188otgs9p2.jpg,cju7flevb2wii08188otgs9p2.jpg
kvasir,cju5b9oyda4yr0850g9viziyv.jpg,cju5b9oyda4yr0850g9viziyv.jpg
kvasir,cju42py9mlqyd0818u3d1d7ga.jpg,cju42py9mlqyd0818u3d1d7ga.jpg
kvasir,cju0qoxqj9q6s0835b43399p4.jpg,cju0qoxqj9q6s0835b43399p4.jpg
kvasir,cju5i5oh2efg60987ez6cpf72.jpg,cju5i5oh2efg60987ez6cpf72.jpg
kvasir,cju2m71z2ywwv080131bcrsd3.jpg,cju2m71z2ywwv080131bcrsd3.jpg
kvasir,cju1hs0za7jha0855vj0mdrjt.jpg,cju1hs0za7jha0855vj0mdrjt.jpg
kvasir,cju30k2z40ds308353kdew70n.jpg,cju30k2z40ds308353kdew70n.jpg
kvasir,cju857ad0l88m0817qx4cwxnf.jpg,cju857ad0l88m0817qx4cwxnf.jpg
kvasir,cju0tl3uz8blh0993wxvn7ly3.jpg,cju0tl3uz8blh0993wxvn7ly3.jpg
kvasir,cju8bm24yrrdp081829mbo8ic.jpg,cju8bm24yrrdp081829mbo8ic.jpg
kvasir,cju175facms5f0993a5tjikvt.jpg,cju175facms5f0993a5tjikvt.jpg
kvasir,cju1gkndf6yi10801o1qnje19.jpg,cju1gkndf6yi10801o1qnje19.jpg
kvasir,cju3xga12iixg0817dijbvjxw.jpg,cju3xga12iixg0817dijbvjxw.jpg
kvasir,cju85omszllp30850b6rm9mi3.jpg,cju85omszllp30850b6rm9mi3.jpg
kvasir,cju7f4sc62xqj075597xpmuoy.jpg,cju7f4sc62xqj075597xpmuoy.jpg
kvasir,cju1dg44i4z3w0801nyz4p6zf.jpg,cju1dg44i4z3w0801nyz4p6zf.jpg
kvasir,cju2otvvv0l7z0855x7we8cb0.jpg,cju2otvvv0l7z0855x7we8cb0.jpg
kvasir,cjyztzaqtrv430848l8xgcerw.jpg,cjyztzaqtrv430848l8xgcerw.jpg
kvasir,cju7d5m0p23kn09871rk7pu3v.jpg,cju7d5m0p23kn09871rk7pu3v.jpg
kvasir,cju5hwonqedw10801vsd3w6kk.jpg,cju5hwonqedw10801vsd3w6kk.jpg
kvasir,cju3ua8u0g9rg0801uayhdxhu.jpg,cju3ua8u0g9rg0801uayhdxhu.jpg
kvasir,cju88cddensj00987788yotmg.jpg,cju88cddensj00987788yotmg.jpg
kvasir,ck2bxiswtxuw80838qkisqjwz.jpg,ck2bxiswtxuw80838qkisqjwz.jpg
kvasir,cju3xeexgii1j0817zs68tb4g.jpg,cju3xeexgii1j0817zs68tb4g.jpg
kvasir,cju334jzo261t0835yqudnfs1.jpg,cju334jzo261t0835yqudnfs1.jpg
kvasir,cju42dwedlmk60871jbgu4ehi.jpg,cju42dwedlmk60871jbgu4ehi.jpg
kvasir,cju888fr7nveu0818r9uwtiit.jpg,cju888fr7nveu0818r9uwtiit.jpg
kvasir,cju2i3hzclw3o0988rrgh911i.jpg,cju2i3hzclw3o0988rrgh911i.jpg
kvasir,cju8clorgsuwn08714toqb7v6.jpg,cju8clorgsuwn08714toqb7v6.jpg
kvasir,cju2nfnvxzdkd0878399axlco.jpg,cju2nfnvxzdkd0878399axlco.jpg
kvasir,cju8a3nhbpwnb0850d37fo2na.jpg,cju8a3nhbpwnb0850d37fo2na.jpg
kvasir,cju2hewssldzx0835ep795xu0.jpg,cju2hewssldzx0835ep795xu0.jpg
kvasir,cju303j5r062k098835zxfds5.jpg,cju303j5r062k098835zxfds5.jpg
kvasir,cju2srvy5440s0801y1ba9akr.jpg,cju2srvy5440s0801y1ba9akr.jpg
kvasir,cju5fw37edaae0801vkwvocn7.jpg,cju5fw37edaae0801vkwvocn7.jpg
kvasir,ck2395w2mb4vu07480otsu6tw.jpg,ck2395w2mb4vu07480otsu6tw.jpg
kvasir,cju5v8pgplg6k0755rvi2t63h.jpg,cju5v8pgplg6k0755rvi2t63h.jpg
kvasir,cju7ae7bq1f820987toc8si1d.jpg,cju7ae7bq1f820987toc8si1d.jpg
kvasir,cju17z0qongpa0993de4boim4.jpg,cju17z0qongpa0993de4boim4.jpg
kvasir,cju87nkyrnb970801q84m47yt.jpg,cju87nkyrnb970801q84m47yt.jpg
kvasir,cju76l27oyrw907551ri2a7fl.jpg,cju76l27oyrw907551ri2a7fl.jpg
kvasir,cju84aoa3ktwn0755pfl4gfwd.jpg,cju84aoa3ktwn0755pfl4gfwd.jpg
kvasir,cju2rz4k434s70855wwx3ddtx.jpg,cju2rz4k434s70855wwx3ddtx.jpg
kvasir,cju43h43am1dy08176gwfhmnt.jpg,cju43h43am1dy08176gwfhmnt.jpg
kvasir,cju2rzpsmtb0f0835jabkbao1.jpg,cju2rzpsmtb0f0835jabkbao1.jpg
kvasir,cju1ejj7dvqfa0835ra184v5m.jpg,cju1ejj7dvqfa0835ra184v5m.jpg
kvasir,cju428k5fldt108177s6g6f45.jpg,cju428k5fldt108177s6g6f45.jpg
kvasir,cju2yb31a8e8u0878wdashg7o.jpg,cju2yb31a8e8u0878wdashg7o.jpg
kvasir,cju34aozyyy830993bn16u32n.jpg,cju34aozyyy830993bn16u32n.jpg
kvasir,cju34m7h536wq0988xz7gx79v.jpg,cju34m7h536wq0988xz7gx79v.jpg
kvasir,cju7d4jk723eu0817bqz2n39m.jpg,cju7d4jk723eu0817bqz2n39m.jpg
kvasir,cju2qvuj1s9ok0835tp2k4ozh.jpg,cju2qvuj1s9ok0835tp2k4ozh.jpg
kvasir,cju5jx7jzf7c90871c2i9aiov.jpg,cju5jx7jzf7c90871c2i9aiov.jpg
kvasir,cju1euant5l960878iqj5vvto.jpg,cju1euant5l960878iqj5vvto.jpg
kvasir,cju32a52lb9rc0799xi40qs00.jpg,cju32a52lb9rc0799xi40qs00.jpg
kvasir,cju2ueb6j5ado0878vf5md13o.jpg,cju2ueb6j5ado0878vf5md13o.jpg
kvasir,cju2xa3i4y0160988i679zsqd.jpg,cju2xa3i4y0160988i679zsqd.jpg
kvasir,cju3xiic0ilzp0850lusrb42j.jpg,cju3xiic0ilzp0850lusrb42j.jpg
kvasir,cju88aq6vo1ij0755c2ey7z7n.jpg,cju88aq6vo1ij0755c2ey7z7n.jpg
kvasir,cju7aifyo1p3n07552nxjx51f.jpg,cju7aifyo1p3n07552nxjx51f.jpg
kvasir,cju7f9umg2olj0987fj5y285w.jpg,cju7f9umg2olj0987fj5y285w.jpg
kvasir,cju77bvg0yv4r0987yh60xmjo.jpg,cju77bvg0yv4r0987yh60xmjo.jpg
kvasir,cju3ttznuftyf09875t11850w.jpg,cju3ttznuftyf09875t11850w.jpg
kvasir,cju6xa0qmvzun0818xjukgncj.jpg,cju6xa0qmvzun0818xjukgncj.jpg
kvasir,cju30j1rgadut0801vuyrsnt8.jpg,cju30j1rgadut0801vuyrsnt8.jpg
kvasir,cju30ftgja7170855xl9bkdm0.jpg,cju30ftgja7170855xl9bkdm0.jpg
kvasir,cjyzkpsbjdsjq07211dfi4sru.jpg,cjyzkpsbjdsjq07211dfi4sru.jpg
kvasir,cju2yo1j1v0qz09934o0e683p.jpg,cju2yo1j1v0qz09934o0e683p.jpg
kvasir,cju7apr0c1qqm0755s7msqot4.jpg,cju7apr0c1qqm0755s7msqot4.jpg
kvasir,cju8ayeq7r1fb0818z1junacy.jpg,cju8ayeq7r1fb0818z1junacy.jpg
kvasir,cju2ti1du4idn0878giuozonw.jpg,cju2ti1du4idn0878giuozonw.jpg
kvasir,cju3u1c8tfyqx08503iedc3mx.jpg,cju3u1c8tfyqx08503iedc3mx.jpg
kvasir,cju887ftknop008177nnjt46y.jpg,cju887ftknop008177nnjt46y.jpg
kvasir,cju2tpfa5uyx408359datxqqj.jpg,cju2tpfa5uyx408359datxqqj.jpg
kvasir,cju88vx2uoocy075531lc63n3.jpg,cju88vx2uoocy075531lc63n3.jpg
kvasir,cju1fjsb4sipq09931lvd8e41.jpg,cju1fjsb4sipq09931lvd8e41.jpg
kvasir,cju1dq3x1vgx109889c7wyirg.jpg,cju1dq3x1vgx109889c7wyirg.jpg
kvasir,cju5uhrdwkmsu0817ervv91l8.jpg,cju5uhrdwkmsu0817ervv91l8.jpg
kvasir,cju5tgbzhjllu08174ca41eus.jpg,cju5tgbzhjllu08174ca41eus.jpg
kvasir,cju2t3ibkuecr0835o7si16zv.jpg,cju2t3ibkuecr0835o7si16zv.jpg
kvasir,cju7cp6dw244p0818gncdol4m.jpg,cju7cp6dw244p0818gncdol4m.jpg
kvasir,cju35a77vdj4n08556jj2lgmc.jpg,cju35a77vdj4n08556jj2lgmc.jpg
kvasir,cju8bw697rwg308177tg8huas.jpg,cju8bw697rwg308177tg8huas.jpg
kvasir,cju2sszfq3uye0878sucelzk2.jpg,cju2sszfq3uye0878sucelzk2.jpg
kvasir,cju2tjrog4jy30878pawyazqc.jpg,cju2tjrog4jy30878pawyazqc.jpg
kvasir,cju1c0qb4tzi308355wtsnp0y.jpg,cju1c0qb4tzi308355wtsnp0y.jpg
kvasir,cju8dm2cau2km0818jsv9eeq2.jpg,cju8dm2cau2km0818jsv9eeq2.jpg
kvasir,cju8bff9nrfi10850fmfzbf8v.jpg,cju8bff9nrfi10850fmfzbf8v.jpg
kvasir,cju783tmkzkqu081803g7q5vk.jpg,cju783tmkzkqu081803g7q5vk.jpg
kvasir,cju3xwpgviwlx0871rwm15q7v.jpg,cju3xwpgviwlx0871rwm15q7v.jpg
kvasir,cju5hyi9yegob0755ho3do8en.jpg,cju5hyi9yegob0755ho3do8en.jpg
kvasir,cju35740hzm0g0993zl5ic246.jpg,cju35740hzm0g0993zl5ic246.jpg
kvasir,cju2oi8sq0i2y0801mektzvw8.jpg,cju2oi8sq0i2y0801mektzvw8.jpg
kvasir,cju6v1m1xv07w09870ah3njy1.jpg,cju6v1m1xv07w09870ah3njy1.jpg
kvasir,cju5vgawslbe30987ndeepc1b.jpg,cju5vgawslbe30987ndeepc1b.jpg
kvasir,cju35i2e63uxr0835h7zgkg9k.jpg,cju35i2e63uxr0835h7zgkg9k.jpg
kvasir,cju2top2ruxxy0988p1svx36g.jpg,cju2top2ruxxy0988p1svx36g.jpg
kvasir,cju1alwgo30z60855fm3y23sm.jpg,cju1alwgo30z60855fm3y23sm.jpg
kvasir,cju40u30gkuzc0871rq7t666d.jpg,cju40u30gkuzc0871rq7t666d.jpg
kvasir,cju15l5ubz9yh0855b3ivdpse.jpg,cju15l5ubz9yh0855b3ivdpse.jpg
kvasir,cju17v6ih0u7808783zcbg1jy.jpg,cju17v6ih0u7808783zcbg1jy.jpg
kvasir,cju7fpfzq2wyf0818xxd1oziv.jpg,cju7fpfzq2wyf0818xxd1oziv.jpg
kvasir,cju7ap09p1kz10850ldccjebj.jpg,cju7ap09p1kz10850ldccjebj.jpg
kvasir,cju3x4blzieu30850x10uuvbm.jpg,cju3x4blzieu30850x10uuvbm.jpg
kvasir,cju7f0ec32txj08184asb8w5f.jpg,cju7f0ec32txj08184asb8w5f.jpg
kvasir,cju5fi0yxd3ei0801v7u0yudn.jpg,cju5fi0yxd3ei0801v7u0yudn.jpg
kvasir,cju2qs32r1vys07999conmbvx.jpg,cju2qs32r1vys07999conmbvx.jpg
kvasir,cju2nyc5f02m40801ojqbtiea.jpg,cju2nyc5f02m40801ojqbtiea.jpg
kvasir,cju42m60jlpcm08186kqppzqv.jpg,cju42m60jlpcm08186kqppzqv.jpg
kvasir,cju5c7oijaqmq09878qwgqv8n.jpg,cju5c7oijaqmq09878qwgqv8n.jpg
kvasir,cju15wdt3zla10801odjiw7sy.jpg,cju15wdt3zla10801odjiw7sy.jpg
kvasir,cju88rl5eo94l0850kf5wtrm1.jpg,cju88rl5eo94l0850kf5wtrm1.jpg
kvasir,cju77j66ez52p08019xygi0co.jpg,cju77j66ez52p08019xygi0co.jpg
kvasir,cju8cj10qsrau0871o2dr6ai1.jpg,cju8cj10qsrau0871o2dr6ai1.jpg
kvasir,cju7fq7mm2pw508176uk5ugtx.jpg,cju7fq7mm2pw508176uk5ugtx.jpg
kvasir,cju7ez7r22qbc08015xfoz2wb.jpg,cju7ez7r22qbc08015xfoz2wb.jpg
kvasir,cju40jl7skiuo0817p0smlgg8.jpg,cju40jl7skiuo0817p0smlgg8.jpg
kvasir,cju45ty6zn9oz0850qy4qnck1.jpg,cju45ty6zn9oz0850qy4qnck1.jpg
kvasir,cju2rn0hasxri0835nfy3buay.jpg,cju2rn0hasxri0835nfy3buay.jpg
kvasir,cju2zi4l09f5807991s8do2b2.jpg,cju2zi4l09f5807991s8do2b2.jpg
kvasir,cju424hy5lckr085073fva1ok.jpg,cju424hy5lckr085073fva1ok.jpg
kvasir,cju77u1sjz77b0817ft44r3fk.jpg,cju77u1sjz77b0817ft44r3fk.jpg
kvasir,cju1h5w4wxajx0835mc954kxy.jpg,cju1h5w4wxajx0835mc954kxy.jpg
kvasir,cju8b7aqtr4a00987coba14b7.jpg,cju8b7aqtr4a00987coba14b7.jpg
kvasir,cju2pmhtr17a00855cvpelzb0.jpg,cju2pmhtr17a00855cvpelzb0.jpg
kvasir,cju8b4ja9r2s808509d45ma86.jpg,cju8b4ja9r2s808509d45ma86.jpg
kvasir,cju84ih17kp5l09876bkooocl.jpg,cju84ih17kp5l09876bkooocl.jpg
kvasir,cju7ajnbo1gvm098749rdouk0.jpg,cju7ajnbo1gvm098749rdouk0.jpg
kvasir,cju35atpxdjot0855q46aqrd0.jpg,cju35atpxdjot0855q46aqrd0.jpg
kvasir,cju2z45kuzf6d0988nz2c819m.jpg,cju2z45kuzf6d0988nz2c819m.jpg
kvasir,cju1hmff8tkp809931jps6fbr.jpg,cju1hmff8tkp809931jps6fbr.jpg
kvasir,cju8b1v3br45u087189kku66u.jpg,cju8b1v3br45u087189kku66u.jpg
kvasir,cju88nroho44508500129f1nh.jpg,cju88nroho44508500129f1nh.jpg
kvasir,cju3tp94kfstl08181awh6z49.jpg,cju3tp94kfstl08181awh6z49.jpg
kvasir,cju30lncba3ny0878jwnous8n.jpg,cju30lncba3ny0878jwnous8n.jpg
kvasir,cju3521y5d5mq0878t3ezsu4p.jpg,cju3521y5d5mq0878t3ezsu4p.jpg
kvasir,cju7da88w2eod0755wejzynvt.jpg,cju7da88w2eod0755wejzynvt.jpg
kvasir,cju1dnz61vfp40988e78bkjga.jpg,cju1dnz61vfp40988e78bkjga.jpg
kvasir,cju83qd0yjyht0817ktkfl268.jpg,cju83qd0yjyht0817ktkfl268.jpg
kvasir,cju3v0fl3gwce0755qkjhzmd4.jpg,cju3v0fl3gwce0755qkjhzmd4.jpg
kvasir,cju43lcnum9y10755bjs7z87f.jpg,cju43lcnum9y10755bjs7z87f.jpg
kvasir,cju5fydrud94708507vo6oy21.jpg,cju5fydrud94708507vo6oy21.jpg
kvasir,cju430pm2lz0y0755jkhcc3d1.jpg,cju430pm2lz0y0755jkhcc3d1.jpg
kvasir,cju34fojcctcf0799ebolbvkn.jpg,cju34fojcctcf0799ebolbvkn.jpg
kvasir,cju2mh8t6p07008350e01tx2a.jpg,cju2mh8t6p07008350e01tx2a.jpg
kvasir,cju5tenjojp1j0755ms4949h2.jpg,cju5tenjojp1j0755ms4949h2.jpg
kvasir,cju2uokeg5jm20799xwgsyz89.jpg,cju2uokeg5jm20799xwgsyz89.jpg
kvasir,cju5y4hgqmk0i08180rjhbwvp.jpg,cju5y4hgqmk0i08180rjhbwvp.jpg
kvasir,cju3xjqtpikx50817tppy6g84.jpg,cju3xjqtpikx50817tppy6g84.jpg
kvasir,cju1fyb1d69et0878muzdak9u.jpg,cju1fyb1d69et0878muzdak9u.jpg
kvasir,cju3uwz6ogsp10801h2r3bj5l.jpg,cju3uwz6ogsp10801h2r3bj5l.jpg
kvasir,cju6vgdmivcvb08018fra5lnv.jpg,cju6vgdmivcvb08018fra5lnv.jpg
kvasir,cju5uxjnol2r509871qv2yeia.jpg,cju5uxjnol2r509871qv2yeia.jpg
kvasir,cju2hugv9vget0799hhk7ksvg.jpg,cju2hugv9vget0799hhk7ksvg.jpg
kvasir,cju16ach3m1da0993r1dq3sn2.jpg,cju16ach3m1da0993r1dq3sn2.jpg
kvasir,cju7dp3dw2k4n0755zhe003ad.jpg,cju7dp3dw2k4n0755zhe003ad.jpg
kvasir,cju3y0pjrj1c30755nxekxccj.jpg,cju3y0pjrj1c30755nxekxccj.jpg
kvasir,cju2y5zas8m7f0801d34g5owq.jpg,cju2y5zas8m7f0801d34g5owq.jpg
kvasir,cju83yddek68q0850d2x7zfkm.jpg,cju83yddek68q0850d2x7zfkm.jpg
kvasir,cju88k75inzyb0850ccv5x3vk.jpg,cju88k75inzyb0850ccv5x3vk.jpg
kvasir,cju7dvl5m2n4t0755hlnnjjet.jpg,cju7dvl5m2n4t0755hlnnjjet.jpg
kvasir,cju33yemn2qb20988wfjxximx.jpg,cju33yemn2qb20988wfjxximx.jpg
kvasir,cju849c23kgnk0817cgv2hw1e.jpg,cju849c23kgnk0817cgv2hw1e.jpg
kvasir,cju3y9difj6th0801kd1rqm3w.jpg,cju3y9difj6th0801kd1rqm3w.jpg
kvasir,cju8c5223s8j80850b4kealt4.jpg,cju8c5223s8j80850b4kealt4.jpg
kvasir,cju30xqmh0ni00835ix3batv1.jpg,cju30xqmh0ni00835ix3batv1.jpg
kvasir,cju1hp9i2xu8e0988u2dazk7m.jpg,cju1hp9i2xu8e0988u2dazk7m.jpg
kvasir,cju2zr3c3vwb00993jn06bbaz.jpg,cju2zr3c3vwb00993jn06bbaz.jpg
kvasir,cju41z76wlgbz0801qdetlvby.jpg,cju41z76wlgbz0801qdetlvby.jpg
kvasir,cju0qkwl35piu0993l0dewei2.jpg,cju0qkwl35piu0993l0dewei2.jpg
kvasir,cju5nxkujgscq0817l9gss626.jpg,cju5nxkujgscq0817l9gss626.jpg
kvasir,cju2txjfzv60w098839dcimys.jpg,cju2txjfzv60w098839dcimys.jpg
kvasir,cju87xn2snfmv0987sc3d9xnq.jpg,cju87xn2snfmv0987sc3d9xnq.jpg
kvasir,cju30qbm1ad3x0855znuhpz9u.jpg,cju30qbm1ad3x0855znuhpz9u.jpg
kvasir,cju6x0yqbvxqt0755dhxislgb.jpg,cju6x0yqbvxqt0755dhxislgb.jpg
kvasir,cju2zxja9w1eh09933609ho9z.jpg,cju2zxja9w1eh09933609ho9z.jpg
kvasir,cju8c9akjsdjj0850s67uzlxq.jpg,cju8c9akjsdjj0850s67uzlxq.jpg
kvasir,cju8arof2qpf20850ifr1bnqj.jpg,cju8arof2qpf20850ifr1bnqj.jpg
kvasir,cju8b3ka8r64u0801fh18hk7l.jpg,cju8b3ka8r64u0801fh18hk7l.jpg
kvasir,cju6wt9jvvn500871hjn3t3g0.jpg,cju6wt9jvvn500871hjn3t3g0.jpg
kvasir,cju2zgbj9zmrw0835nnlzxj4c.jpg,cju2zgbj9zmrw0835nnlzxj4c.jpg
kvasir,cju7alcgr1lsr0871riqk84z7.jpg,cju7alcgr1lsr0871riqk84z7.jpg
kvasir,cju34eqjpcpm508788b3lhp97.jpg,cju34eqjpcpm508788b3lhp97.jpg
kvasir,cju2x7vw87mu30878hye2ca0m.jpg,cju2x7vw87mu30878hye2ca0m.jpg
kvasir,cju5huurrecm70801y680y13m.jpg,cju5huurrecm70801y680y13m.jpg
kvasir,cju85a8h8llwm07559wxg4t5w.jpg,cju85a8h8llwm07559wxg4t5w.jpg
kvasir,cju7amjna1ly40871ugiokehb.jpg,cju7amjna1ly40871ugiokehb.jpg
kvasir,cju16fpvhzypl0799p9phnlx6.jpg,cju16fpvhzypl0799p9phnlx6.jpg
kvasir,cju5yclrymlgj0818k426ud6z.jpg,cju5yclrymlgj0818k426ud6z.jpg
kvasir,cju8aw9n1qyg10801jkjlmors.jpg,cju8aw9n1qyg10801jkjlmors.jpg
kvasir,cju13cgqmnhwn0988yrainhcp.jpg,cju13cgqmnhwn0988yrainhcp.jpg
kvasir,cju412uwlkva50850d1ps1ww7.jpg,cju412uwlkva50850d1ps1ww7.jpg
kvasir,cju30bmab08bi0835mvlr6e0r.jpg,cju30bmab08bi0835mvlr6e0r.jpg
kvasir,cju772304yw5t0818vbw8kkjf.jpg,cju772304yw5t0818vbw8kkjf.jpg
kvasir,cju18kevfrojc0835bn90f1in.jpg,cju18kevfrojc0835bn90f1in.jpg
kvasir,cju7ey10f2rvf0871bwbi9x82.jpg,cju7ey10f2rvf0871bwbi9x82.jpg
kvasir,cju5f26ebcuai0818xlwh6116.jpg,cju5f26ebcuai0818xlwh6116.jpg
kvasir,cju5xopi0md7q0871r1sjc1av.jpg,cju5xopi0md7q0871r1sjc1av.jpg
kvasir,cju7b10ce1mnm08011c5bwyr4.jpg,cju7b10ce1mnm08011c5bwyr4.jpg
kvasir,cju1fj6axwfp30835ukhuzhw9.jpg,cju1fj6axwfp30835ukhuzhw9.jpg
kvasir,cju33qpdvc9g0087825jhf3s9.jpg,cju33qpdvc9g0087825jhf3s9.jpg
kvasir,cju1dfeupuzlw0835gnxip369.jpg,cju1dfeupuzlw0835gnxip369.jpg
kvasir,cju6vucxvvlda0755j7msqnya.jpg,cju6vucxvvlda0755j7msqnya.jpg
kvasir,cju7adqyj1jcx08712r1ro5gx.jpg,cju7adqyj1jcx08712r1ro5gx.jpg
kvasir,cju6uy20suzbl0987rzuhz7z9.jpg,cju6uy20suzbl0987rzuhz7z9.jpg
kvasir,cju5ccpvqash50850kb4bs22k.jpg,cju5ccpvqash50850kb4bs22k.jpg
kvasir,cju2zrojo9kcd0878ld2epejq.jpg,cju2zrojo9kcd0878ld2epejq.jpg
kvasir,cju84kplnl1y30755ropua1b0.jpg,cju84kplnl1y30755ropua1b0.jpg
kvasir,cju2zkpdl9h7t0799ix60teqg.jpg,cju2zkpdl9h7t0799ix60teqg.jpg
kvasir,cju88y1mwoln50871emyfny1g.jpg,cju88y1mwoln50871emyfny1g.jpg
kvasir,cju17r8il13910799dr2wme2e.jpg,cju17r8il13910799dr2wme2e.jpg
kvasir,cju30gxjq0djk0988jytm49rs.jpg,cju30gxjq0djk0988jytm49rs.jpg
kvasir,cju31rb7vb6110801p9rhacuw.jpg,cju31rb7vb6110801p9rhacuw.jpg
kvasir,cju3x2s11ibzi0817kk284k0j.jpg,cju3x2s11ibzi0817kk284k0j.jpg
kvasir,cju2trtjf4qjd0878a2zle9v9.jpg,cju2trtjf4qjd0878a2zle9v9.jpg
kvasir,cju7fbndk2sl608015ravktum.jpg,cju7fbndk2sl608015ravktum.jpg
kvasir,cju5k503sfa5f0871lx0rpu5y.jpg,cju5k503sfa5f0871lx0rpu5y.jpg
kvasir,cju3xl264ingx0850rcf0rshj.jpg,cju3xl264ingx0850rcf0rshj.jpg
kvasir,cju7dqcwi2dz00850gcmr2ert.jpg,cju7dqcwi2dz00850gcmr2ert.jpg
kvasir,cju2sevf53lkx08558h5bpaig.jpg,cju2sevf53lkx08558h5bpaig.jpg
kvasir,cju88l66no10s0850rsda7ej1.jpg,cju88l66no10s0850rsda7ej1.jpg
kvasir,cju2m56cryvqd0801gtn2yp8t.jpg,cju2m56cryvqd0801gtn2yp8t.jpg
kvasir,cju5wkonqlrl409877y8zvnub.jpg,cju5wkonqlrl409877y8zvnub.jpg
kvasir,ck2da7fwcjfis07218r1rvm95.jpg,ck2da7fwcjfis07218r1rvm95.jpg
kvasir,cju8azmhcr66e0755t61atz72.jpg,cju8azmhcr66e0755t61atz72.jpg
kvasir,cju2suk42469908015ngmq6f2.jpg,cju2suk42469908015ngmq6f2.jpg
kvasir,cju2t9tdwuk700835kv0ljmtl.jpg,cju2t9tdwuk700835kv0ljmtl.jpg
kvasir,cju0s2a9ekvms080138tjjpxr.jpg,cju0s2a9ekvms080138tjjpxr.jpg
kvasir,cju42xpi8lw4w0871ve317a1p.jpg,cju42xpi8lw4w0871ve317a1p.jpg
kvasir,cju89y9h0puti0818i5yw29e6.jpg,cju89y9h0puti0818i5yw29e6.jpg
kvasir,cju2zblxw9848087853csbrx1.jpg,cju2zblxw9848087853csbrx1.jpg
kvasir,cju7eotqi2qea0871y8yc7tqh.jpg,cju7eotqi2qea0871y8yc7tqh.jpg
kvasir,cju5y7buemcw80987p0r30g9f.jpg,cju5y7buemcw80987p0r30g9f.jpg
kvasir,cju6z9a9kwsl007552s49rx6i.jpg,cju6z9a9kwsl007552s49rx6i.jpg
kvasir,cju2wx0gh7fpz0878wwyd9ep8.jpg,cju2wx0gh7fpz0878wwyd9ep8.jpg
kvasir,cju7afqon1ip40850ue2308b6.jpg,cju7afqon1ip40850ue2308b6.jpg
kvasir,cju1cvkfwqrec0993wbp1jlzm.jpg,cju1cvkfwqrec0993wbp1jlzm.jpg
kvasir,cjyzkmjy8evns070165gf9dmq.jpg,cjyzkmjy8evns070165gf9dmq.jpg
kvasir,cju1dhfok4mhe0878jlgrag0h.jpg,cju1dhfok4mhe0878jlgrag0h.jpg
kvasir,cju0rx1idathl0835detmsp84.jpg,cju0rx1idathl0835detmsp84.jpg
kvasir,cjyzjzssvd8pq0838f4nolj5l.jpg,cjyzjzssvd8pq0838f4nolj5l.jpg
kvasir,cju5kre09fhka0850h7b1898j.jpg,cju5kre09fhka0850h7b1898j.jpg
kvasir,cju1brhsj3rls0855a1vgdlen.jpg,cju1brhsj3rls0855a1vgdlen.jpg
kvasir,cju77vvcwzcm50850lzoykuva.jpg,cju77vvcwzcm50850lzoykuva.jpg
kvasir,cju1erep75us208553i4ofwwe.jpg,cju1erep75us208553i4ofwwe.jpg
kvasir,cju1f320ewfyu0988ndz6blh5.jpg,cju1f320ewfyu0988ndz6blh5.jpg
kvasir,cju410dnfl0960755y8lu8d79.jpg,cju410dnfl0960755y8lu8d79.jpg
kvasir,cju8cattbsivm0818p446wgel.jpg,cju8cattbsivm0818p446wgel.jpg
kvasir,cju5bbtwsa8cl0987wgfsqpao.jpg,cju5bbtwsa8cl0987wgfsqpao.jpg
kvasir,cju5uget8krjy0818kvywd0zu.jpg,cju5uget8krjy0818kvywd0zu.jpg
kvasir,cju6vvxsev9y30987kespucdg.jpg,cju6vvxsev9y30987kespucdg.jpg
kvasir,cju40sdwukv3k0755y99ug1k8.jpg,cju40sdwukv3k0755y99ug1k8.jpg
kvasir,cju5cjh3xattc0817j2vbulzi.jpg,cju5cjh3xattc0817j2vbulzi.jpg
kvasir,cju8d2q30tfhs0801n7lx77xl.jpg,cju8d2q30tfhs0801n7lx77xl.jpg
kvasir,cju32pzh9bpw10855q4vaxfhe.jpg,cju32pzh9bpw10855q4vaxfhe.jpg
kvasir,cjyzlw7f9faqr070129au64sq.jpg,cjyzlw7f9faqr070129au64sq.jpg
kvasir,cju6vrs1ov8cr098788h8gs6j.jpg,cju6vrs1ov8cr098788h8gs6j.jpg
kvasir,cju33w4sdcivk0855x879zht7.jpg,cju33w4sdcivk0855x879zht7.jpg
kvasir,cju2rkjfwoxys0993x768l1j2.jpg,cju2rkjfwoxys0993x768l1j2.jpg
kvasir,cju8buos5rz9b08715lfr0f4f.jpg,cju8buos5rz9b08715lfr0f4f.jpg
kvasir,cju1g20bdwq6u0835e16xugcd.jpg,cju1g20bdwq6u0835e16xugcd.jpg
kvasir,cju6z2616wqbk07555bvnuyr1.jpg,cju6z2616wqbk07555bvnuyr1.jpg
kvasir,cju2lcyfgkf5809932fn9gucn.jpg,cju2lcyfgkf5809932fn9gucn.jpg
kvasir,cju1cfhyg48bb0799cl5pr2jh.jpg,cju1cfhyg48bb0799cl5pr2jh.jpg
kvasir,cju40m0rjkpw80871z6n6yg1u.jpg,cju40m0rjkpw80871z6n6yg1u.jpg
kvasir,cju77afzlz3kp07550x5nafzs.jpg,cju77afzlz3kp07550x5nafzs.jpg
kvasir,cju1f15k3w4ct0835cmde6ypo.jpg,cju1f15k3w4ct0835cmde6ypo.jpg
kvasir,cju5xneamme2p0801qdf7fdwv.jpg,cju5xneamme2p0801qdf7fdwv.jpg
kvasir,cju77q10sz9ug0801449wu1nu.jpg,cju77q10sz9ug0801449wu1nu.jpg
kvasir,cju43c92lm5cj0755lorsorfg.jpg,cju43c92lm5cj0755lorsorfg.jpg
kvasir,cju1d50a94qf50855wsowacrc.jpg,cju1d50a94qf50855wsowacrc.jpg
kvasir,cju87q6yoneim0871dl4phvkd.jpg,cju87q6yoneim0871dl4phvkd.jpg
kvasir,cju2qdj95ru8g09886gfi9rsz.jpg,cju2qdj95ru8g09886gfi9rsz.jpg
kvasir,cju1ftaji6isw0855108yqcse.jpg,cju1ftaji6isw0855108yqcse.jpg
kvasir,cju2upu4evw7g08358guwozxv.jpg,cju2upu4evw7g08358guwozxv.jpg
kvasir,cju3uhb79gcgr0871orbrbi3x.jpg,cju3uhb79gcgr0871orbrbi3x.jpg
kvasir,cju6v3bb2v7xo085090blubyw.jpg,cju6v3bb2v7xo085090blubyw.jpg
kvasir,cju6wll7wvo3y08502pagos8m.jpg,cju6wll7wvo3y08502pagos8m.jpg
kvasir,cju15czxqp3lv0835jvhgzurz.jpg,cju15czxqp3lv0835jvhgzurz.jpg
kvasir,cju2zpw4q9vzr0801p0lysjdl.jpg,cju2zpw4q9vzr0801p0lysjdl.jpg
kvasir,cju8bzzy2s66m08016z6mouqt.jpg,cju8bzzy2s66m08016z6mouqt.jpg
kvasir,cju2ij9uiic2l09933ljiv6gm.jpg,cju2ij9uiic2l09933ljiv6gm.jpg
kvasir,cju3v664kh0px0818y4y7wolf.jpg,cju3v664kh0px0818y4y7wolf.jpg
kvasir,cju88trl3ogi208716qvti51b.jpg,cju88trl3ogi208716qvti51b.jpg
kvasir,cju8c5zcbsdfz0801o5t6jag1.jpg,cju8c5zcbsdfz0801o5t6jag1.jpg
kvasir,cju32jcdabepz0878d0cznmfe.jpg,cju32jcdabepz0878d0cznmfe.jpg
kvasir,cju2yg5ht8i4p087800js8hp4.jpg,cju2yg5ht8i4p087800js8hp4.jpg
kvasir,cju35mdz73x890835eynq1h9v.jpg,cju35mdz73x890835eynq1h9v.jpg
kvasir,cju8cdeazsm8h0801jxifmzur.jpg,cju8cdeazsm8h0801jxifmzur.jpg
kvasir,cju5woy82m07m08505dmjg7g1.jpg,cju5woy82m07m08505dmjg7g1.jpg
kvasir,cju5yhgznmkzb0801cji2vi8j.jpg,cju5yhgznmkzb0801cji2vi8j.jpg
kvasir,cju326h4v1gxw08352px40p7r.jpg,cju326h4v1gxw08352px40p7r.jpg
kvasir,cju160wshltz10993i1gmqxbe.jpg,cju160wshltz10993i1gmqxbe.jpg
kvasir,cju16b6ynq8e40988m8vx0xnj.jpg,cju16b6ynq8e40988m8vx0xnj.jpg
kvasir,cju85citjlnfm0755i4rk5tqj.jpg,cju85citjlnfm0755i4rk5tqj.jpg
kvasir,cju1drnhbrb9409935wi7vkhg.jpg,cju1drnhbrb9409935wi7vkhg.jpg
kvasir,cju1c4fcu40hl07992b8gj0c8.jpg,cju1c4fcu40hl07992b8gj0c8.jpg
kvasir,cju2ma647l0nj0993ot4deq2q.jpg,cju2ma647l0nj0993ot4deq2q.jpg
kvasir,cju2zwg05a0oy0801yr73ig7g.jpg,cju2zwg05a0oy0801yr73ig7g.jpg
kvasir,cju83rcnzkbsj0755x5anfrcg.jpg,cju83rcnzkbsj0755x5anfrcg.jpg
kvasir,cju8bbznkrf5g0871jncffynk.jpg,cju8bbznkrf5g0871jncffynk.jpg
kvasir,cju7fob3x301u0755x985pmmq.jpg,cju7fob3x301u0755x985pmmq.jpg
kvasir,cju2z6ez69g4u0801qwt088lw.jpg,cju2z6ez69g4u0801qwt088lw.jpg
kvasir,cju5es375cnzy0801nkq35ffs.jpg,cju5es375cnzy0801nkq35ffs.jpg
kvasir,cju5vutu7ll8w0871dfp92n9p.jpg,cju5vutu7ll8w0871dfp92n9p.jpg
kvasir,cju5cetivauok0987ok3e5bre.jpg,cju5cetivauok0987ok3e5bre.jpg
kvasir,cju15mhjczc8z0801kit5c6di.jpg,cju15mhjczc8z0801kit5c6di.jpg
kvasir,cju5u6wf0kh1t0755bg1ssixv.jpg,cju5u6wf0kh1t0755bg1ssixv.jpg
kvasir,cju34sh43d8zm08019xbwhc0o.jpg,cju34sh43d8zm08019xbwhc0o.jpg
kvasir,cju310f6val1v0855xo8tc3gu.jpg,cju310f6val1v0855xo8tc3gu.jpg
kvasir,cju42tauqlo5p08171l3cuo4b.jpg,cju42tauqlo5p08171l3cuo4b.jpg
kvasir,cju43kj2pm34f0850l28ahpni.jpg,cju43kj2pm34f0850l28ahpni.jpg
kvasir,cju5x28nzm7t907558ocq4bt7.jpg,cju5x28nzm7t907558ocq4bt7.jpg
kvasir,cju2y0z6g87p10878fpk5d3rq.jpg,cju2y0z6g87p10878fpk5d3rq.jpg
kvasir,cju320gyvbch60801v2amdi2g.jpg,cju320gyvbch60801v2amdi2g.jpg
kvasir,cju30nyxe0gfb0835p256yoju.jpg,cju30nyxe0gfb0835p256yoju.jpg
kvasir,cju2yw4s7z7p20988lmf2gdgd.jpg,cju2yw4s7z7p20988lmf2gdgd.jpg
kvasir,cju7epwj82koz098713apjnzo.jpg,cju7epwj82koz098713apjnzo.jpg
kvasir,cju31ugmfb3dz0855xtqshki6.jpg,cju31ugmfb3dz0855xtqshki6.jpg
kvasir,cju3v56bwgy8v0871w14pz8fx.jpg,cju3v56bwgy8v0871w14pz8fx.jpg
kvasir,cju33jon3ygbj0993pu22a4k6.jpg,cju33jon3ygbj0993pu22a4k6.jpg
kvasir,cju8bpctzrqkr0850zeldv9kt.jpg,cju8bpctzrqkr0850zeldv9kt.jpg
kvasir,cju8bop5jrsid08716i24fqda.jpg,cju8bop5jrsid08716i24fqda.jpg
kvasir,cju7b4mtw1n9n080186209f3d.jpg,cju7b4mtw1n9n080186209f3d.jpg
kvasir,cju8bqxxurs6i0850mu7mtef9.jpg,cju8bqxxurs6i0850mu7mtef9.jpg
kvasir,cju45qbf3n9sa0987oonbkly9.jpg,cju45qbf3n9sa0987oonbkly9.jpg
kvasir,cju88fpm4o0tl0871w1i6a4ds.jpg,cju88fpm4o0tl0871w1i6a4ds.jpg
kvasir,cjz14qsk2wci60794un9ozwmw.jpg,cjz14qsk2wci60794un9ozwmw.jpg
kvasir,cju2hqt33lmra0988fr5ijv8j.jpg,cju2hqt33lmra0988fr5ijv8j.jpg
kvasir,cju87r56lnkyp0755hz30leew.jpg,cju87r56lnkyp0755hz30leew.jpg
kvasir,cju77t0razbvm080106o56289.jpg,cju77t0razbvm080106o56289.jpg
kvasir,cju8bj2ssrmlm0871gc2ug2rs.jpg,cju8bj2ssrmlm0871gc2ug2rs.jpg
kvasir,cju32phw2bv130801yj7bkouq.jpg,cju32phw2bv130801yj7bkouq.jpg
kvasir,cju45rj7ln8980850a7821fov.jpg,cju45rj7ln8980850a7821fov.jpg
kvasir,cju83mki1jv5w0817kubxm31r.jpg,cju83mki1jv5w0817kubxm31r.jpg
kvasir,cju42u5bjlvi10801dc13sskp.jpg,cju42u5bjlvi10801dc13sskp.jpg
kvasir,cju30u1hbakn808019g15nb8b.jpg,cju30u1hbakn808019g15nb8b.jpg
kvasir,cju324q101fhe08350wae9cif.jpg,cju324q101fhe08350wae9cif.jpg
kvasir,cju7bd1qu1mx409877xjxibox.jpg,cju7bd1qu1mx409877xjxibox.jpg
kvasir,cju6vvb8svhed0801jjcquh5e.jpg,cju6vvb8svhed0801jjcquh5e.jpg
kvasir,cju3wstckialg0871xs0vevsj.jpg,cju3wstckialg0871xs0vevsj.jpg
kvasir,cju5ymyd8mmdc0801ry3by1xr.jpg,cju5ymyd8mmdc0801ry3by1xr.jpg
kvasir,cju3uz4o6gr9z0850lhxyxvsj.jpg,cju3uz4o6gr9z0850lhxyxvsj.jpg
kvasir,cju17hw9hr9c5098800fu4u8e.jpg,cju17hw9hr9c5098800fu4u8e.jpg
kvasir,cju35fxqyzt5p0993vusm54qz.jpg,cju35fxqyzt5p0993vusm54qz.jpg
kvasir,cju2raxlosl630988jdbfy9b0.jpg,cju2raxlosl630988jdbfy9b0.jpg
kvasir,cju5bwhapakm90987c1v4z46a.jpg,cju5bwhapakm90987c1v4z46a.jpg
kvasir,cju7f900s2o0k08175gl1giid.jpg,cju7f900s2o0k08175gl1giid.jpg
kvasir,cju30ywtc0oar0835bp2en7ec.jpg,cju30ywtc0oar0835bp2en7ec.jpg
kvasir,cju41p90plcsx08018cnzpndc.jpg,cju41p90plcsx08018cnzpndc.jpg
kvasir,cju8aj01yqeqm0850lhdz3xdw.jpg,cju8aj01yqeqm0850lhdz3xdw.jpg
kvasir,cju8cgi2kspp308011nxdtjp6.jpg,cju8cgi2kspp308011nxdtjp6.jpg
kvasir,cju34c1xfyz920993itxkkfad.jpg,cju34c1xfyz920993itxkkfad.jpg
kvasir,cju32csyfblyh080170aa3x5p.jpg,cju32csyfblyh080170aa3x5p.jpg
kvasir,cju3xzvnzj0hd0755xprz39nj.jpg,cju3xzvnzj0hd0755xprz39nj.jpg
kvasir,cju2xf8e5y2wm08359vcgk09b.jpg,cju2xf8e5y2wm08359vcgk09b.jpg
kvasir,cju5wuhm1lwm40987vugqn3vv.jpg,cju5wuhm1lwm40987vugqn3vv.jpg
kvasir,cju6xmqd9w0250817l5kxfnsk.jpg,cju6xmqd9w0250817l5kxfnsk.jpg
kvasir,cju7d2q1k27nf08715zshsckt.jpg,cju7d2q1k27nf08715zshsckt.jpg
kvasir,cju2lejzcy4pc0878c9rlonot.jpg,cju2lejzcy4pc0878c9rlonot.jpg
kvasir,cju7ff97z2ow40817u2r83my5.jpg,cju7ff97z2ow40817u2r83my5.jpg
kvasir,cju7el6xv2k520817qxx9wdr5.jpg,cju7el6xv2k520817qxx9wdr5.jpg
kvasir,cju5x7iskmad90818frchyfwd.jpg,cju5x7iskmad90818frchyfwd.jpg
